research_priority,token,token_label,name,first_buy_time_utc,first_buy_bucket,first_buy_fdv_usd,first_buy_approx_liquidity_usd_after,buy_bnb,sell_bnb,realized_pnl_bnb,realized_roi,holding_window,first_exit_window,minutes_to_first_sell,minutes_to_last_trade,narrative_tag,source_type_guess,source_status,earliest_source_url,earliest_source_name,earliest_source_time_utc,buy_vs_source_window,leader_or_copycat,source_confidence,source_note
120,0x6114ea6cc28ae5cd5e4a404e562ce4747de94444,CZ 🔶 BNB,CZ 🔶 BNB,2026-04-03 07:11:14,0-50k,10034.309258881038,5476.627364900844,0.6,6.63046963428237,6.030390632162371,10.050651053603952,3d-7d,0-5m,2.7333333333333334,6877.316666666667,binance+founder_person,company/project/person,待追踪,,,,待补证据,待判断,low,基于 token 名称/描述的初步分类，需用原始链接复核
120,0xca7ab98f4c43e5e92a8d2b8ef9b35c76a52a4444,CS,CZ vs Star,2026-04-08 06:31:53,0-50k,11253.525238737391,6077.862313042541,1.2000000000000002,4.534822698130835,3.334194938530835,2.7784957821090286,1d-3d,0-5m,0.8,2112.2,binance+founder_person,company/project/person,待追踪,,,,待补证据,待判断,low,基于 token 名称/描述的初步分类，需用原始链接复核
120,0x42a3404651eb9ce4fce649d4999329481eea4444,Dinance,Dick Binance,2026-05-07 08:02:44,0-50k,6231.586188349671,2549.777099500667,0.4,3.5176341409629073,3.1172294546429073,7.793073636607268,5-30m,0-5m,0.16666666666666666,14.05,binance,company/project,待追踪,,,,待补证据,待判断,low,基于 token 名称/描述的初步分类，需用原始链接复核
120,0x0e21e9555d415a551fb12aecb356160221294444,FFAI,FFAI,2026-03-22 06:14:58,0-50k,4685.282566531686,1491.2091188118811,0.77,2.9742862224819375,2.2040145846019374,2.8623566033791397,6h-24h,0-5m,0.11666666666666667,1253.3666666666666,ai_agent,category,待追踪,,,,待补证据,待判断,low,基于 token 名称/描述的初步分类，需用原始链接复核
120,0x900ae9e048d9b0bdab2d4cf947c7c246a0824444,流金谷恩仇录,央视AI武侠短剧,2026-03-18 00:50:44,0-50k,4978.209379924395,1398.279668537681,1.143,3.2453419048042713,2.1018210587242714,1.8388635684376824,1h-6h,0-5m,0.35,268.5833333333333,ai_agent,category,待追踪,,,,待补证据,待判断,low,基于 token 名称/描述的初步分类，需用原始链接复核
120,0x97dda9801d38b1399200448b70442a4459a94444,传统金融,Binance Trade Stock,2026-06-01 03:27:15,0-50k,0.0,0.0,0.8,2.5375045452004596,1.7372475248804595,2.1715594061005743,5-30m,5-30m,9.466666666666667,28.533333333333335,binance,company/project,待追踪,,,,待补证据,待判断,low,基于 token 名称/描述的初步分类，需用原始链接复核
120,0xd730680f1dac564d4b289eb0dbbef7b23fda4444,比比拉布,抖音新晋爆火热梗,2026-02-05 04:33:43,0-50k,9447.527717527124,4896.338783313921,1.0,2.73516284785825,1.7348545450582502,1.7348545450582502,7d+,1h-6h,131.1,127040.13333333333,chinese_social_meme,meme/community,待追踪,,,,待补证据,待判断,low,基于 token 名称/描述的初步分类，需用原始链接复核
120,0x9f391279cc2ab9e22768599fc7d0252644804444,BNB,BNB changed my life,2026-03-31 09:44:36,0-50k,19072.295933229616,10479.671010406684,0.99,2.572491173983333,1.582203924583333,1.598185782407407,1h-6h,0-5m,0.08333333333333333,234.55,binance,company/project,待追踪,,,,待补证据,待判断,low,基于 token 名称/描述的初步分类，需用原始链接复核
120,0x2b057db87cac1e419f30358b0097d1280ba84444,CZ,CZ,2026-02-11 06:57:25,0-50k,6974.031622426982,3115.874769509418,1.0,2.4866152490261952,1.4861102527861951,1.4861102527861951,6h-24h,5-30m,7.833333333333333,1421.4333333333334,binance+founder_person,company/project/person,待追踪,,,,待补证据,待判断,low,基于 token 名称/描述的初步分类，需用原始链接复核
120,0x0566969ff0a59472a6693c758cf01cb98c684444,AI gent,AI gent,2026-03-03 17:09:16,0-50k,22900.758339194286,11782.91122733039,0.3,1.726366499532528,1.420405170892528,4.734683902975093,1d-3d,0-5m,1.05,3615.8,ai_agent,category,待追踪,,,,待补证据,待判断,low,基于 token 名称/描述的初步分类，需用原始链接复核
120,0x27b8d57c9e412757af6d7efabcbb637224f14444,TUWB,Team Up With Binance,2026-05-06 07:02:22,0-50k,4927.473344507723,1618.7935168316833,1.17,2.435452701101126,1.2622526845011264,1.078848448291561,1h-6h,0-5m,0.11666666666666667,60.03333333333333,binance,company/project,待追踪,,,,待补证据,待判断,low,基于 token 名称/描述的初步分类，需用原始链接复核
120,0x2824b90ccfbcae7e10e6e0d9aa69e8c226814444,大象,币安是大象,2026-03-09 02:08:58,0-50k,7225.837198874539,3273.9690904530967,1.2000000000000002,2.4462731273818124,1.2457350526618125,1.0381125438848433,7d+,0-5m,1.3333333333333333,70670.95,binance,company/project,待追踪,,,,待补证据,待判断,low,基于 token 名称/描述的初步分类，需用原始链接复核
120,0x444428e122c0fd4f7e642cf91d73dff53622366c,月之暗面,Moonshot AI,2026-04-27 03:13:36,0-50k,13132.254858868731,3267.4301761799247,0.62,1.8453483367929628,1.2251348605129628,1.9760239685692949,30m-1h,0-5m,3.55,39.333333333333336,ai_agent,category,待追踪,,,,待补证据,待判断,low,基于 token 名称/描述的初步分类，需用原始链接复核
120,0xcbf231e7ba9ebd6b6ec6253fcbc2091fcf7b4444,导师CZ,导师CZ,2026-03-14 02:23:31,0-50k,12343.439412527798,6912.677098564765,1.17,2.398311183251865,1.219404449171865,1.042226024933218,5-30m,0-5m,0.18333333333333332,29.933333333333334,binance+founder_person,company/project/person,待追踪,,,,待补证据,待判断,low,基于 token 名称/描述的初步分类，需用原始链接复核
120,0x491479c940b62171d46da6c74d93a6c245564444,BNB,Build and Build,2026-05-03 13:37:26,0-50k,4565.458004096577,1420.8599643564355,1.17,2.387927116181451,1.2147218258214512,1.0382237827533771,0-5m,0-5m,0.23333333333333334,2.05,binance,company/project,待追踪,,,,待补证据,待判断,low,基于 token 名称/描述的初步分类，需用原始链接复核
120,0x9d48014610228d0d0c9e6f83bf9b641711854444,AI何一,AI何一,2026-04-01 07:08:43,0-50k,12908.395568502732,7380.517028505168,0.99,2.163283957596543,1.1731294332365427,1.1849792254914573,0-5m,0-5m,0.05,3.7333333333333334,binance+ai_agent+founder_person,company/project/category/person,待追踪,,,,待补证据,待判断,low,基于 token 名称/描述的初步分类，需用原始链接复核
120,0xc31e3e49d47ee3ad35993c8f887d0942aa7d4444,BAI,BAI,2026-03-11 10:00:17,0-50k,8264.26553785144,4179.271739306931,0.6,1.6959649947498006,1.0900837032298007,1.816806172049668,0-5m,0-5m,0.06666666666666667,1.15,ai_agent,category,待追踪,,,,待补证据,待判断,low,基于 token 名称/描述的初步分类，需用原始链接复核
120,0x7e4c5e2f76f74e95ff20959ee71433c3e6ec4444,Meme candidates,币安招聘MEME职位,2026-03-30 10:33:45,0-50k,9000.002429092498,4660.946859953356,0.4,1.4516894766537152,1.0514699398937153,2.628674849734288,1h-6h,0-5m,0.75,152.95,binance,company/project,待追踪,,,,待补证据,待判断,low,基于 token 名称/描述的初步分类，需用原始链接复核
120,0x478aebe7758c29e29ca71147a57e1063fc764444,神仝,人民网AI起名,2026-05-03 02:59:44,0-50k,11995.800920868818,6497.648247075362,0.4,1.449584773069711,1.0495097767897108,2.623774441974277,7d+,3d-7d,4566.133333333333,10259.633333333333,ai_agent,category,待追踪,,,,待补证据,待判断,low,基于 token 名称/描述的初步分类，需用原始链接复核
105,0x44449ba264dffdcf903128c6800d9e4d3998adaf,安小将,安小将,2026-04-15 09:14:08,0-50k,18736.35348370053,8289.094792304155,6.49,21.59659038699013,15.101998870350126,2.3269643868027927,7d+,0-5m,0.9,10371.25,unmapped_chinese_meme,meme/community,待追踪,,,,待补证据,待判断,low,需要追踪中文社媒、群聊、Four.meme 创建描述
105,0x7528f0abcb9e4fd65859c92255aa889d02094444,冲鸭,冲鸭,2026-05-01 09:58:44,0-50k,14231.372921048636,7962.043596983962,0.77,6.910061428660707,6.136026256580706,7.968865268286631,3d-7d,0-5m,0.1,8884.75,unmapped_chinese_meme,meme/community,待追踪,,,,待补证据,待判断,low,需要追踪中文社媒、群聊、Four.meme 创建描述
105,0x13762a21d45d102078269b0b0ac9a954104e4444,马维斯,马维斯Marvis,2026-05-17 05:15:55,0-50k,5753.594039039469,2101.437564618927,0.4,5.188299990528072,4.782587136726304,11.95646784181576,3d-7d,3d-7d,5297.65,7869.883333333333,unmapped_chinese_meme,meme/community,待追踪,,,,待补证据,待判断,low,需要追踪中文社媒、群聊、Four.meme 创建描述
105,0x5177b93950833dd74569091fad3bfb3a1ab04444,牛回！,牛回！,2026-05-11 07:28:47,0-50k,10443.92374455802,5731.969173556571,1.17,5.564502186956407,4.3910923394364065,3.753070375586673,1h-6h,0-5m,0.3333333333333333,217.45,unmapped_chinese_meme,meme/community,待追踪,,,,待补证据,待判断,low,需要追踪中文社媒、群聊、Four.meme 创建描述
105,0x66f10363aa46e27215b7669898efc67a462f4444,BAP,Binance Ai Pro,2026-03-23 08:41:40,0-50k,4860.441689887555,1596.772005940594,13.05,16.044325094147105,2.9937084573471062,0.2294029469231499,1d-3d,0-5m,0.55,1656.05,binance+ai_agent,company/project/category,待追踪,,,,待补证据,待判断,low,基于 token 名称/描述的初步分类，需用原始链接复核
105,0xa5cad5e0352cc658d730356b684f519d635e4444,chovy,wo chovy,2026-05-04 01:54:40,0-50k,12026.124824757642,6742.976219269451,0.77,3.756249563818896,2.985927756818896,3.877828255608956,1d-3d,1h-6h,265.9,3205.766666666667,unknown,unknown,待追踪,,,,待补证据,待判断,low,需要用 token 名称、部署时间、早期传播账号继续检索
105,0x9eae0c56c5eb40d5b47c6c197573bc39adad4444,QClaw,腾讯开发的QClaw,2026-03-08 14:26:30,0-50k,5927.105494313326,2525.1701752152344,0.801,3.5430640382610425,2.7304376373410424,3.4087860640961827,1d-3d,0-5m,0.13333333333333333,3650.733333333333,unmapped_chinese_meme,meme/community,待追踪,,,,待补证据,待判断,low,需要追踪中文社媒、群聊、Four.meme 创建描述
105,0xec77f3bfe27f9ccac5a1ae502846b684ff4f4444,ONOP,One NationOne People,2026-04-07 08:07:50,0-50k,5264.749052171774,2040.8106475247523,0.77,3.4172435456815937,2.6436240883615936,3.4332780368332383,6h-24h,0-5m,0.18333333333333332,1158.3333333333333,unknown,unknown,待追踪,,,,待补证据,待判断,low,需要用 token 名称、部署时间、早期传播账号继续检索
105,0x49769e06a8fdc9df45de40927bb89fae6ccd4444,马上有钱,马上有钱,2026-02-11 06:46:07,0-50k,4931.508754440532,1507.8200206192164,1.4,4.014102755583628,2.613722531743628,1.866944665531163,6h-24h,5-30m,8.116666666666667,1432.65,unmapped_chinese_meme,meme/community,待追踪,,,,待补证据,待判断,low,需要追踪中文社媒、群聊、Four.meme 创建描述
105,0x6ce931ccb9484c00e7cbc7df0cce7c3d103b4444,幣安人生,幸運、韌性與保護用戶的回憶錄,2026-04-03 03:49:41,0-50k,20940.58973687211,11208.537102661332,0.99,3.4876580227403715,2.497502238860372,2.5227295342023957,1h-6h,0-5m,0.23333333333333334,60.9,unmapped_chinese_meme,meme/community,待追踪,,,,待补证据,待判断,low,需要追踪中文社媒、群聊、Four.meme 创建描述
105,0x444497c85e6f7f7aa2d098c964da79e21dcfecab,金铲铲贵族,金铲铲贵族,2026-04-16 09:39:05,0-50k,12732.200765564072,2866.607088432132,1.5699999999999998,3.880429683444453,2.3066966121644525,1.4692335109327723,5-30m,0-5m,0.5666666666666667,22.25,unmapped_chinese_meme,meme/community,待追踪,,,,待补证据,待判断,low,需要追踪中文社媒、群聊、Four.meme 创建描述
105,0xe2b296db9c0c0854ed69f47eff434b54a7454444,wood,thank you wood,2026-05-07 15:33:12,0-50k,5561.548288223824,2228.5342324131816,2.0700000000000003,4.328298539608413,2.254900356288413,1.0893238436175907,1h-6h,0-5m,0.25,60.53333333333333,unknown,unknown,待追踪,,,,待补证据,待判断,low,需要用 token 名称、部署时间、早期传播账号继续检索
105,0xe0769afa470e416f58c7792870c7e3b01b374444,KANDURA,Kandura Teng,2026-04-13 14:08:04,0-50k,5998.772915375704,2448.399958905158,0.4,2.5946850515205973,2.1942966763205973,5.485741690801493,5-30m,0-5m,0.18333333333333332,17.083333333333332,unknown,unknown,待追踪,,,,待补证据,待判断,low,需要用 token 名称、部署时间、早期传播账号继续检索
105,0x5ea9176e9196c8968f9cc440cd148bcf07e74444,Martian,Martian,2026-04-19 11:00:23,0-50k,6185.145396135181,,1.5000000000000002,3.654005906097891,2.1531009953378915,1.435400663558594,7d+,0-5m,1.2833333333333334,27496.8,unknown,unknown,待追踪,,,,待补证据,待判断,low,需要用 token 名称、部署时间、早期传播账号继续检索
105,0xada9108d2148604119b7861df7af0c3c83364444,币圈一姐,香港报纸给一姐的称呼,2026-05-16 08:03:19,0-50k,5174.592628312146,1692.1455782520534,1.2,3.325826164035739,2.1245483550655075,1.7704569625545896,6h-24h,0-5m,0.6833333333333333,1207.45,unmapped_chinese_meme,meme/community,待追踪,,,,待补证据,待判断,low,需要追踪中文社媒、群聊、Four.meme 创建描述
105,0x0234849d5e5b2e630b19e2e1c96b78058c274444,ASTEROID,ASTEROID,2026-04-17 03:52:02,0-50k,29163.845063569635,14389.926524851606,0.4,2.46066314513305,2.06028111253305,5.150702781332624,1h-6h,5-30m,7.333333333333333,96.75,unknown,unknown,待追踪,,,,待补证据,待判断,low,需要用 token 名称、部署时间、早期传播账号继续检索
105,0x1eede6b205290d58a05722dccf31f3227f794444,谎话精,谎话精,2026-04-09 16:49:45,0-50k,17374.27993307847,9517.813148514851,1.17,3.0367172069995623,1.8633969473595624,1.5926469635551816,30m-1h,0-5m,0.1,56.916666666666664,unmapped_chinese_meme,meme/community,待追踪,,,,待补证据,待判断,low,需要追踪中文社媒、群聊、Four.meme 创建描述
105,0xdfeff045b40a08c50b4d99b2739735706bd84444,freedom of money,freedom of money,2026-02-28 03:47:37,0-50k,19182.1893590797,10401.199182762795,0.5,2.3460980289622992,1.845890853762299,3.691781707524598,7d+,0-5m,1.25,14792.833333333334,unknown,unknown,待追踪,,,,待补证据,待判断,low,需要用 token 名称、部署时间、早期传播账号继续检索
105,0xc75110b5959b61d7f4de0d425ce2d8377b924444,慈善家,private donations,2026-03-13 07:00:29,0-50k,8256.120604118607,4274.95236411622,0.777,2.5428625541594414,1.7569361955194414,2.2611791448126657,1d-3d,0-5m,0.06666666666666667,1868.25,unmapped_chinese_meme,meme/community,待追踪,,,,待补证据,待判断,low,需要追踪中文社媒、群聊、Four.meme 创建描述
105,0x93e4452af265d1dd2c3ed37e4eea7f996c744444,唐子兵法,唐子兵法,2026-03-17 02:20:12,0-50k,10442.18136188784,3712948.360916255,0.7,2.440789452132475,1.7403012566124751,2.486144652303536,7d+,5-30m,13.966666666666667,38149.28333333333,unmapped_chinese_meme,meme/community,待追踪,,,,待补证据,待判断,low,需要追踪中文社媒、群聊、Four.meme 创建描述
105,0xa8913d9b17389cbb67955e5b6d6dc4930cfb4444,Dinance,Dream Binacne,2026-05-07 08:19:02,0-50k,6815.576702840474,3253.6622120035636,0.77,2.4763433252221336,1.7031424484621336,2.2118733096910823,0-5m,0-5m,0.1,1.6,unknown,unknown,待追踪,,,,待补证据,待判断,low,需要用 token 名称、部署时间、早期传播账号继续检索
105,0x614d6d3c765d66cb929469443eb626556e734444,致加密社区的一封公开信,致加密社区的一封公开信,2026-01-30 04:17:05,0-50k,13038.287094516618,6889.359205170127,0.8,2.2349777408919125,1.4347309955719123,1.7934137444648903,1h-6h,0-5m,0.2833333333333333,217.55,unmapped_chinese_meme,meme/community,待追踪,,,,待补证据,待判断,low,需要追踪中文社媒、群聊、Four.meme 创建描述
105,0xeee5c3876bb10a2d5752b28c10c0d307edfd4444,华山论剑,华山论剑,2026-03-08 05:02:50,0-50k,4948.9663142787,1689.1139405940592,0.6,1.9556034623962657,1.3496696849562655,2.2494494749271094,0-5m,0-5m,0.2,1.5666666666666667,unmapped_chinese_meme,meme/community,待追踪,,,,待补证据,待判断,low,需要追踪中文社媒、群聊、Four.meme 创建描述
105,0x350b17da692d5ecd49bb751deaf5baf0ad604444,愚人小何,AI小何逗你玩,2026-04-01 07:21:05,0-50k,8551.345965121223,4720.83434646747,1.83,3.1647003161204568,1.3343534219204567,0.7291548753663698,6h-24h,5-30m,7.55,397.53333333333336,ai_agent,category,待追踪,,,,待补证据,待判断,low,基于 token 名称/描述的初步分类，需用原始链接复核
105,0x6f55eebc1a7871bac89fd203a206c2b0f6634444,SPCX,SpaceX,2026-04-15 11:09:56,0-50k,28015.565255388366,13848.324107421486,1.0,2.31334381321072,1.3130285062809277,1.3130285062809277,7d+,7d+,43676.48333333333,43676.71666666667,unknown,unknown,待追踪,,,,待补证据,待判断,low,需要用 token 名称、部署时间、早期传播账号继续检索
105,0x77e41a64b056b2de34cddeb087a4162145c74444,ClawHouse,just a Claw House,2026-03-09 04:34:19,0-50k,14169.780876102175,7641.683456206965,0.6,1.8939956065290309,1.2937561281690309,2.1562602136150515,1d-3d,0-5m,1.6333333333333333,1820.6,unknown,unknown,待追踪,,,,待补证据,待判断,low,需要用 token 名称、部署时间、早期传播账号继续检索
105,0x55a343ee1ce56f089703bf99900a5f69f36e4444,Claymation,Claymation,2026-03-21 00:56:34,0-50k,34141.47842952133,,0.4,1.6903668361481077,1.2902468546281078,3.2256171365702695,1d-3d,1d-3d,2243.616666666667,3148.7166666666667,unknown,unknown,待追踪,,,,待补证据,待判断,low,需要用 token 名称、部署时间、早期传播账号继续检索
105,0x2e2c15a5b16012d89e3cdcaa5f4e6c8d8f2a4444,东͏莞͏崇͏英͏学校,东͏莞͏崇͏英͏学校,2026-03-19 04:08:49,0-50k,9388.327146415517,4853.230694513136,1.0,2.2895553303225493,1.2893362595225493,1.2893362595225493,1d-3d,0-5m,0.8166666666666667,1759.3333333333333,unmapped_chinese_meme,meme/community,待追踪,,,,待补证据,待判断,low,需要追踪中文社媒、群聊、Four.meme 创建描述
105,0xc3328bdd2d71fac87df2599cfed8e85931314444,7,7,2026-04-10 04:27:18,0-50k,4344.781246695872,,0.5,1.747674961717216,1.247534342477216,2.495068684954432,7d+,7d+,17572.716666666667,59689.083333333336,unknown,unknown,待追踪,,,,待补证据,待判断,low,需要用 token 名称、部署时间、早期传播账号继续检索
105,0x66e70721537e1cf2bcb290cb840c499dd62d4444,Binance AI Pro,Binance AI Pro,2026-03-25 07:45:53,0-50k,45659.46525895052,,2.4999999999999996,3.70834618483324,1.2079561112732404,0.4831824445092962,7d+,0-5m,0.3333333333333333,12794.566666666668,binance+ai_agent,company/project/category,待追踪,,,,待补证据,待判断,low,基于 token 名称/描述的初步分类，需用原始链接复核
105,0x1ed252c4374d2fcfcec98831bc09533c18de4444,NICE,Nice,2026-04-14 03:00:04,0-50k,5878.656954253513,2352.9320931672037,0.4,1.5805871139545764,1.1803449523945766,2.9508623809864414,0-5m,0-5m,0.21666666666666667,1.6333333333333333,unknown,unknown,待追踪,,,,待补证据,待判断,low,需要用 token 名称、部署时间、早期传播账号继续检索
105,0xb2df7b3df369be8d4d6b5a86425d72b90e3e4444,COCO,首个币安⼴场小安助手接入的成员,2026-03-14 09:47:54,0-50k,6110.352439101786,2613.1560891089107,1.384,2.547614403081063,1.1542182622010628,0.8339727328042361,1d-3d,0-5m,0.1,4237.866666666667,binance,company/project,待追踪,,,,待补证据,待判断,low,基于 token 名称/描述的初步分类，需用原始链接复核
105,0x697077192abd1d789c52b6425b3333bb216a4444,热点雷达,热点雷达,2026-02-12 08:11:13,0-50k,8478.459400927397,4359.836488951279,0.5,1.6648813578538884,1.1503328853738883,2.3006657707477767,0-5m,0-5m,0.06666666666666667,0.06666666666666667,unmapped_chinese_meme,meme/community,待追踪,,,,待补证据,待判断,low,需要追踪中文社媒、群聊、Four.meme 创建描述
105,0x489632f7340f97bd117c0d3b1f230a8b6a314444,马尔福,马年尔等有福了,2026-02-04 09:58:18,0-50k,37780.75449241996,17887.05461086085,1.0,2.138149713310174,1.137943342110174,1.137943342110174,3d-7d,30m-1h,32.416666666666664,6117.816666666667,unmapped_chinese_meme,meme/community,待追踪,,,,待补证据,待判断,low,需要追踪中文社媒、群聊、Four.meme 创建描述
105,0x4106eeaa36217a412a0c136f62a9bac6a6664444,ong咪,你瞅啥真名,2026-01-27 08:44:22,0-50k,6101.437259380896,1128.369525063246,0.3,1.366904520703795,1.066764257863795,3.555880859545983,1h-6h,1h-6h,150.7,161.6,unmapped_chinese_meme,meme/community,待追踪,,,,待补证据,待判断,low,需要追踪中文社媒、群聊、Four.meme 创建描述
105,0x1d8fbc1ff8755d5df67357d487a2e0f035ec4444,尖叫鸡,尖叫鸡,2026-01-30 10:35:45,0-50k,13328.19727209341,7077.638753326701,0.5,1.5670265802461851,1.0444083084459543,2.0888166168919087,7d+,0-5m,3.95,171610.65,unmapped_chinese_meme,meme/community,待追踪,,,,待补证据,待判断,low,需要追踪中文社媒、群聊、Four.meme 创建描述
105,0xb9c78706ce79525058e43f76fcd1ac5cef234444,一纸人生，半生自由,一纸人生，半生自由,2026-04-10 04:10:16,0-50k,6336.468944759872,2980.1783524752473,0.77,1.815827628246634,1.042208642766634,1.3535177178787454,1h-6h,0-5m,0.21666666666666667,287.1666666666667,unmapped_chinese_meme,meme/community,待追踪,,,,待补证据,待判断,low,需要追踪中文社媒、群聊、Four.meme 创建描述
105,0xa818853a06040a6ba9fb98ab34bbf56fe8444444,BIBIClaw,币安AI,2026-03-16 06:27:24,0-50k,12781.804797292662,7042.604513075218,1.2,2.2307525732350473,1.0305115462750474,0.8587596218958728,7d+,5-30m,22.566666666666666,11765.75,binance+ai_agent,company/project/category,待追踪,,,,待补证据,待判断,low,基于 token 名称/描述的初步分类，需用原始链接复核
105,0x4444e2614121dc92c3963c0dea45c1024a8e4a3d,MARTIAN,BNB CHAIN官网给了名字,2026-04-19 11:00:50,0-50k,13737.941053756247,3970.692095394813,1.04,2.0661111960920153,1.0256834468520153,0.9862340835115532,1h-6h,5-30m,18.333333333333332,187.53333333333333,binance+ai_agent,company/project/category,待追踪,,,,待补证据,待判断,low,基于 token 名称/描述的初步分类，需用原始链接复核
105,0x36b012c02979a8da06f942889c651ef8b8564444,红包女侠,红包女侠,2026-02-14 08:25:09,0-50k,43442.38943099865,19219.134266231136,0.5,1.5393402457938232,1.024665088593823,2.0493301771876467,5-30m,0-5m,0.35,20.233333333333334,unmapped_chinese_meme,meme/community,待追踪,,,,待补证据,待判断,low,需要追踪中文社媒、群聊、Four.meme 创建描述
100,0x8004fc7b58399586ca6793ba6629849a78c96af2,AGENT,Agent Only,2026-03-01 16:30:37,0-50k,29363.335508245396,,0.5,1.49683711379752,0.99657186219752,1.99314372439504,1d-3d,6h-24h,837.1666666666666,3745.8166666666666,ai_agent,category,待追踪,,,,待补证据,待判断,low,基于 token 名称/描述的初步分类，需用原始链接复核
100,0x4c938dc2aac0136f0adad3307e929ff94d564444,币安AI,币安AI,2026-03-15 12:36:19,0-50k,14731.647185671702,8010.870661825687,0.504,1.443402460588794,0.939078111988794,1.8632502221999885,6h-24h,0-5m,0.3,1042.4166666666667,binance+ai_agent,company/project/category,待追踪,,,,待补证据,待判断,low,基于 token 名称/描述的初步分类，需用原始链接复核
100,0x32b1fa9d307a19c119ab20219ba409f927334444,7,币安ins发的7,2026-03-16 12:48:46,0-50k,5213.208732908951,1740.0073942461238,0.77,1.6788902191862105,0.9001201876662105,1.1689872567093642,0-5m,0-5m,0.06666666666666667,1.1833333333333333,binance,company/project,待追踪,,,,待补证据,待判断,low,基于 token 名称/描述的初步分类，需用原始链接复核
100,0xfecb0d1585223d3a7812913eb882862d47b44444,CZ,Terry Chen,2026-03-18 04:33:31,0-50k,40531.05903981114,,0.6,1.4930383892704804,0.8928657878704804,1.4881096464508008,6h-24h,6h-24h,417.65,472.8333333333333,binance+founder_person,company/project/person,待追踪,,,,待补证据,待判断,low,基于 token 名称/描述的初步分类，需用原始链接复核
100,0x8152871b4d3d3399d9c00800ea238ecda1264444,币安AI短剧比赛,六大门派围攻光明顶官方tag,2026-02-09 09:27:43,0-50k,5042.25366875514,1471.019790233586,0.3,1.1678182762533769,0.8676025061733769,2.8920083539112564,3d-7d,0-5m,1.05,7028.166666666667,binance+ai_agent,company/project/category,待追踪,,,,待补证据,待判断,low,基于 token 名称/描述的初步分类，需用原始链接复核
100,0x1f7d530e1c985881308b6aa5c7c41978a0834444,金狗,Dogecoin Gold,2026-04-17 14:25:00,0-50k,9307.173515772303,4790.3216994575305,0.4,1.2591227774620573,0.8589288472620572,2.147322118155143,0-5m,0-5m,0.23333333333333334,3.3666666666666667,pure_meme,meme,待追踪,,,,待补证据,待判断,low,基于 token 名称/描述的初步分类，需用原始链接复核
100,0xea40fb19cccb852e2e9095904647773fa4614444,FFAI,FFAI,2026-03-22 06:15:18,0-50k,5111.55371119026,,0.44,1.2838843829976412,0.8436934046776411,1.9174850106310024,6h-24h,0-5m,0.3333333333333333,1253.15,ai_agent,category,待追踪,,,,待补证据,待判断,low,基于 token 名称/描述的初步分类，需用原始链接复核
100,0x44448544e30f01e2309e96ceb31a73146ccd995f,FOURAGENT,独家首个AI模式,2026-03-04 06:44:42,0-50k,18038.83582167352,6913.437446866641,0.6,1.4479117401027448,0.8355242330227448,1.3925403883712415,3d-7d,0-5m,0.6833333333333333,8892.633333333333,ai_agent,category,待追踪,,,,待补证据,待判断,low,基于 token 名称/描述的初步分类，需用原始链接复核
100,0x615e3bf691178705ff1f9c3822b802aa45c04444,YI PEPE,YI PEPE,2026-03-05 03:10:38,0-50k,4482.519560104391,887.8084397612632,0.3,1.1315251039387977,0.8255269208987976,2.7517564029959924,30m-1h,0-5m,0.6333333333333333,30.033333333333335,pure_meme,meme,待追踪,,,,待补证据,待判断,low,基于 token 名称/描述的初步分类，需用原始链接复核
100,0x07375dd96aac45cb5e48c5b0cc3844a3067d4444,SuperIntern,币安官方ai,2026-03-05 02:11:45,0-50k,16977.822955572046,9101.219876118128,0.3,1.0430230047070304,0.7374829149470303,2.458276383156768,3d-7d,5-30m,9.483333333333333,7725.15,binance+ai_agent,company/project/category,待追踪,,,,待补证据,待判断,low,基于 token 名称/描述的初步分类，需用原始链接复核
100,0xa408dca4afcee949abf0643671cd8e1359674444,歪鼻巴卜,抖音爆火歪鼻小猫,2026-03-31 03:23:30,0-50k,10621.915103701263,5680.001853744411,0.4,1.095466305554038,0.6953281579540381,1.7383203948850952,1d-3d,0-5m,1.4666666666666666,1743.75,chinese_social_meme,meme/community,待追踪,,,,待补证据,待判断,low,基于 token 名称/描述的初步分类，需用原始链接复核
100,0x94d76e03c312cfd895160bfb07e548914f154444,卡卡,何一的狗,2026-03-30 02:14:31,0-50k,7627.182670639067,3713.9252757941217,0.4,0.9816861017647722,0.5814902717247722,1.4537256793119304,5-30m,0-5m,0.25,29.783333333333335,binance+founder_person,company/project/person,待追踪,,,,待补证据,待判断,low,基于 token 名称/描述的初步分类，需用原始链接复核
100,0x02a2351059234f2783b800358eff8c2cc53b4444,贾维斯,贾维斯,2026-03-15 05:09:39,0-50k,25272.82858322584,13050.977921205937,0.5,1.0737196985584845,0.5648876450384844,1.1297752900769689,1d-3d,0-5m,0.1,3058.3333333333335,ai_agent,category,待追踪,,,,待补证据,待判断,low,基于 token 名称/描述的初步分类，需用原始链接复核
100,0xb03745cbbe3af8eb0d29b9854f71cf78e5534444,Agentic Mode,Agentic Mode,2026-03-01 07:46:06,0-50k,11967.397328121591,6419.233068149992,0.3,0.8617777414230986,0.5616394552230987,1.872131517410329,1h-6h,1h-6h,144.03333333333333,160.15,ai_agent,category,待追踪,,,,待补证据,待判断,low,基于 token 名称/描述的初步分类，需用原始链接复核
100,0x3ef726885e017baa8c42ef6f6f17915418084444,我以后不赌了,抖音顶级邪教,2026-05-27 04:51:47,0-50k,5658.14567484978,2023.6015347545783,0.4,0.9413921567743062,0.5412463646943062,1.3531159117357654,30m-1h,0-5m,1.65,30.05,chinese_social_meme,meme/community,待追踪,,,,待补证据,待判断,low,基于 token 名称/描述的初步分类，需用原始链接复核
100,0x76f2e86bff12fbb3e5c778a7f00e5d13f2894444,Kahoot,币安定义的龙虾饲料,2026-03-25 12:44:46,0-50k,6183.934187351828,2469.446784076766,0.4,0.9034277076352348,0.5031860427552348,1.257965106888087,5-30m,0-5m,1.2333333333333334,23.233333333333334,binance,company/project,待追踪,,,,待补证据,待判断,low,基于 token 名称/描述的初步分类，需用原始链接复核
100,0x007be65c48bc24b8fdb85fddfc65e3884bba4444,肉包,网友手搓肉包AI模型吊打豆包,2026-01-28 04:29:30,0-50k,16263.96727533905,8660.867853640751,0.3,0.6637113964613327,0.3635651230613327,1.2118837435377758,1h-6h,0-5m,1.0333333333333334,69.91666666666667,ai_agent+chinese_social_meme,category/meme/community,待追踪,,,,待补证据,待判断,low,基于 token 名称/描述的初步分类，需用原始链接复核
90,0xb64157874c2648101733e335e9d1af85073f4444,YI,Most Powerful Women,2026-05-27 10:03:57,0-50k,17182.065047100183,9267.187447917311,5.4,8.310449111561933,2.893855612961933,0.5358991875855431,6h-24h,0-5m,2.1166666666666667,1009.15,unknown,unknown,待追踪,,,,待补证据,待判断,low,需要用 token 名称、部署时间、早期传播账号继续检索
90,0xa3b2e6fe983ac7193f2e098ad6f7c195a3824444,hey stock,hey stock,2026-05-30 10:12:40,0-50k,15818.094953744629,8601.653672963137,7.0,9.857354724061066,2.637784295181066,0.3768263278830094,1d-3d,0-5m,0.75,1759.6333333333334,unknown,unknown,待追踪,,,,待补证据,待判断,low,需要用 token 名称、部署时间、早期传播账号继续检索
90,0x72f033e62a316c2f545956311d0ec6c8f00d4444,FREEDOM,The Infinite Runner,2026-03-27 03:20:29,0-50k,44299.586541027245,,2.1999999999999997,3.8527641428325,1.6523346047525005,0.7510611839784094,6h-24h,5-30m,17.85,693.7833333333333,unknown,unknown,待追踪,,,,待补证据,待判断,low,需要用 token 名称、部署时间、早期传播账号继续检索
90,0x52b73fd8cc9b2743a10e9f5e278c46cbe3484444,狐狸,你是不是在雪山上救过一只狐狸,2026-03-11 08:53:53,0-50k,42956.70445116749,,4.0,5.603047632988747,1.6026782603887468,0.4006695650971867,7d+,1d-3d,1442.4166666666667,54606.63333333333,unmapped_chinese_meme,meme/community,待追踪,,,,待补证据,待判断,low,需要追踪中文社媒、群聊、Four.meme 创建描述
90,0x1845a4e394f8ff588838afc019e4dbe9ccdc4444,WSJ,WeSuckAtJournalism,2026-03-11 12:01:02,0-50k,12215.0513587802,6728.651923693626,2.4,3.759966128780583,1.353786155900583,0.5640775649585763,7d+,0-5m,0.23333333333333334,103284.16666666667,unknown,unknown,待追踪,,,,待补证据,待判断,low,需要用 token 名称、部署时间、早期传播账号继续检索
90,0xc012b418b4c65f0f9573e33ab0c4656396784444,光源,不在乎光环，只做光源的人,2026-05-28 05:25:12,0-50k,23355.645391745427,12051.048685685308,1.5,2.9287048365364807,1.2341217747364808,0.8227478498243205,1h-6h,0-5m,2.8666666666666667,317.28333333333336,unmapped_chinese_meme,meme/community,待追踪,,,,待补证据,待判断,low,需要追踪中文社媒、群聊、Four.meme 创建描述
90,0xab8d02b2adc0517721031374de15336be0ba4444,banify,链上无自由化,2026-03-24 05:45:39,0-50k,10424.861713542574,5763.884794340724,1.69,2.8804504869567986,1.1899721047967986,0.7041255057969222,6h-24h,0-5m,0.38333333333333336,393.76666666666665,unmapped_chinese_meme,meme/community,待追踪,,,,待补证据,待判断,low,需要追踪中文社媒、群聊、Four.meme 创建描述
85,0x640c04ca09c5c5140e62fef42c59e3afdbbd4444,我的刀盾,what the dog doing?,2026-02-05 04:33:48,50k-100k,66435.22061299515,,2.0,7.980766770103648,5.9803690568636485,2.9901845284318243,7d+,1h-6h,122.31666666666666,70490.46666666666,unmapped_chinese_meme,meme/community,待追踪,,,,待补证据,待判断,low,需要追踪中文社媒、群聊、Four.meme 创建描述
85,0x5f6fd60ad6cd8751b4c521bc00fa02abfeca4444,背手负鼠,全网爆火表情包,2026-05-19 11:55:42,50k-100k,78548.38996553227,,0.6,4.628153908447237,4.0273051411912375,6.712175235318729,3d-7d,5-30m,14.083333333333334,5438.683333333333,unmapped_chinese_meme,meme/community,待追踪,,,,待补证据,待判断,low,需要追踪中文社媒、群聊、Four.meme 创建描述
85,0xeccbb861c0dda7efd964010085488b69317e4444,龙虾,龙虾,2026-02-27 09:21:46,200k-1m,327269.2204256961,,1.6,3.4960817270948055,1.8958863039748053,1.1849289399842533,7d+,0-5m,4.083333333333333,15892.55,unmapped_chinese_meme,meme/community,待追踪,,,,待补证据,待判断,low,需要追踪中文社媒、群聊、Four.meme 创建描述
85,0x4444def5cf226bf50aa4b45e5748b676945bc509,世界和平,世界和平,2026-02-23 05:42:05,50k-100k,76216.7027856986,,1.66,3.426130162969299,1.7658937989692989,1.063791445162228,7d+,unknown,-971.45,40647.96666666667,unmapped_chinese_meme,meme/community,待追踪,,,,待补证据,待判断,low,需要追踪中文社媒、群聊、Four.meme 创建描述
85,0x4a50eeef18a350484d8ce7474f43571ccd934444,金钱自由,金钱自由,2026-02-28 03:35:45,100k-200k,115626.47756952736,,0.5,2.153821714089139,1.653633558289139,3.307267116578278,5-30m,0-5m,1.4333333333333333,17.733333333333334,unmapped_chinese_meme,meme/community,待追踪,,,,待补证据,待判断,low,需要追踪中文社媒、群聊、Four.meme 创建描述
85,0x7a40c80ed70e2d801b9423ac5bb599e63a044444,六大门派围攻光明顶,六大门派围攻光明顶,2026-02-09 08:48:36,100k-200k,128818.2614107444,,0.5,1.9529772998108408,1.4528254363308408,2.9056508726616816,3d-7d,0-5m,0.8,7066.966666666666,unmapped_chinese_meme,meme/community,待追踪,,,,待补证据,待判断,low,需要追踪中文社媒、群聊、Four.meme 创建描述
85,0x412530e49ee1b1f64124064b2e732e92c1314444,ClawBot,微信刚推出最近龙虾插件,2026-03-22 01:25:31,0-50k,4658.648581728665,1466.4031782178215,0.77,1.7324480487786065,0.9536261234986062,1.238475485063125,5-30m,0-5m,0.43333333333333335,17.1,unmapped_chinese_meme,meme/community,待追踪,,,,待补证据,待判断,low,需要追踪中文社媒、群聊、Four.meme 创建描述
85,0x2aa1ea33f9741d83703f3b615be7455fdbd34444,Aoi,minimax首个数字偶像,2026-03-18 07:35:13,0-50k,4580.9061938614705,1024.4574262744527,0.42,1.3640877039133508,0.9438393720733508,2.2472366001746447,0-5m,0-5m,0.9,4.783333333333333,unmapped_chinese_meme,meme/community,待追踪,,,,待补证据,待判断,low,需要追踪中文社媒、群聊、Four.meme 创建描述
85,0x15d29c42981e2319e01079c81b56603c5f334444,Benji,Benji,2026-02-11 09:18:58,0-50k,11369.359121096742,,0.5,1.4356927103115376,0.9356534605915376,1.871306921183075,5-30m,5-30m,14.783333333333333,14.783333333333333,unknown,unknown,待追踪,,,,待补证据,待判断,low,需要用 token 名称、部署时间、早期传播账号继续检索
85,0x4444eb49de7b33cca1906a4e38a37407eb152067,MCAA,MakeCryptoAffordable,2026-04-23 02:24:13,0-50k,15752.45676283402,5546.518138782314,0.77,1.6732291015735703,0.8996783922535703,1.168413496433208,0-5m,0-5m,0.13333333333333333,3.033333333333333,unknown,unknown,待追踪,,,,待补证据,待判断,low,需要用 token 名称、部署时间、早期传播账号继续检索
85,0xb707fbba262be7282175e10b3b2ba261a90a4444,青蛙,青蛙,2026-03-14 03:07:29,0-50k,6853.650136280126,2903.221312123216,0.305,1.1901608754799686,0.8848349597999687,2.9010982288523564,3d-7d,0-5m,0.2,4638.466666666666,unmapped_chinese_meme,meme/community,待追踪,,,,待补证据,待判断,low,需要追踪中文社媒、群聊、Four.meme 创建描述
85,0x1cbe4ae34cbd27b0c25d01d73f436ebb95e54444,中͏国梦,中华民族伟大复兴,2026-05-14 10:50:35,0-50k,12738.51929639981,6881.796360618617,0.8,1.672106710014844,0.8700281449742239,1.0875351812177798,5-30m,0-5m,0.7666666666666667,20.483333333333334,unmapped_chinese_meme,meme/community,待追踪,,,,待补证据,待判断,low,需要追踪中文社媒、群聊、Four.meme 创建描述
85,0x52e3e4fab867abfd0efb5b93514ae43c82f520d5,Eid Mubarak,Eid Mubarak,2026-03-13 04:41:37,0-50k,6646.990206295776,,0.6,1.433402704117356,0.8332672547173561,1.38877875786226,7d+,7d+,10089.783333333333,10553.95,unknown,unknown,待追踪,,,,待补证据,待判断,low,需要用 token 名称、部署时间、早期传播账号继续检索
85,0xbcffccb4e1d2715118558a76faa94b93bbd84444,赵氏孤儿,没有爸爸了,2026-02-18 12:09:33,0-50k,4314.1056448038835,954.1489560084804,0.3,1.1122498002747383,0.8120667394347383,2.706889131449128,30m-1h,0-5m,0.4166666666666667,46.25,unmapped_chinese_meme,meme/community,待追踪,,,,待补证据,待判断,low,需要追踪中文社媒、群聊、Four.meme 创建描述
85,0xf8d5392e48369044b54e2483dcfed6e673fc4444,MFGA,让农民再次伟大,2026-04-19 14:56:12,0-50k,8369.593748209969,2570392.443919737,0.4,1.2007812556116595,0.8004897612116597,2.0012244030291493,5-30m,0-5m,1.2166666666666666,5.316666666666666,unmapped_chinese_meme,meme/community,待追踪,,,,待补证据,待判断,low,需要追踪中文社媒、群聊、Four.meme 创建描述
85,0x31f650380d01873dbd82d8de3ad7502a57ac4444,蚍蜉,蚍蜉撼树,2026-02-11 10:01:37,0-50k,10737.613484997351,5702.109452540377,0.3,1.0992811838281469,0.7991270673481466,2.6637568911604887,1h-6h,0-5m,1.3166666666666667,106.36666666666666,unmapped_chinese_meme,meme/community,待追踪,,,,待补证据,待判断,low,需要追踪中文社媒、群聊、Four.meme 创建描述
85,0x2c94ed98ad5dd7b53daa05f812e8b4198cc64444,CMO,ChiefMemeOfficer,2026-03-08 14:01:24,0-50k,12688.76680628112,6833.499640944684,0.3,1.0993916969019455,0.7934850268219457,2.6449500894064855,5-30m,0-5m,0.7333333333333333,13.733333333333333,unknown,unknown,待追踪,,,,待补证据,待判断,low,需要用 token 名称、部署时间、早期传播账号继续检索
85,0x44444d628a21d5c86d1da876c1e7813c096aa479,拉哪,拉哪,2026-04-16 10:02:35,0-50k,14455.580346503471,4342.076731645424,0.6,1.3643768797171707,0.7641994441171707,1.2736657401952844,1h-6h,0-5m,0.2,292.9166666666667,unmapped_chinese_meme,meme/community,待追踪,,,,待补证据,待判断,low,需要追踪中文社媒、群聊、Four.meme 创建描述
85,0xba52b58135ca198ff329f7a943dcbb4193b54444,shitstock,屎股,2026-05-31 03:23:43,0-50k,5560.443660640234,1921.811673710129,0.77,1.535203351711718,0.761978575631718,0.989582565755478,6h-24h,0-5m,0.36666666666666664,1404.8666666666666,pure_meme,meme,待追踪,,,,待补证据,待判断,low,基于 token 名称/描述的初步分类，需用原始链接复核
85,0x09bed2eb4e516fde1cb424f518355e78c1f44444,红包外卖踏马来了,红包外卖踏马来了,2026-02-14 08:44:25,0-50k,15739.846870170764,8590.217014111673,0.5,1.2344892747406262,0.7343279048606262,1.4686558097212523,0-5m,0-5m,0.15,1.8833333333333333,unmapped_chinese_meme,meme/community,待追踪,,,,待补证据,待判断,low,需要追踪中文社媒、群聊、Four.meme 创建描述
85,0xac55484fb0aa9354c276b0285fc75d0b42ba4444,ASTROID,TheSpaceShibaInu,2026-04-17 07:00:54,0-50k,8952.08285119053,4550.259310908707,0.9,1.6228618106016317,0.7225081487616317,0.8027868319573686,1h-6h,5-30m,5.45,223.48333333333332,ai_agent,category,待追踪,,,,待补证据,待判断,low,基于 token 名称/描述的初步分类，需用原始链接复核
85,0x0e3c424b0842707da55f2046a657827d3d894444,GMGN,官方承认的吉祥物名称,2026-03-29 04:18:57,0-50k,7713.394485125783,3784.997600858281,0.4,1.1207036826718733,0.7193839070732481,1.79845976768312,6h-24h,5-30m,8.566666666666666,510.9,unmapped_chinese_meme,meme/community,待追踪,,,,待补证据,待判断,low,需要追踪中文社媒、群聊、Four.meme 创建描述
85,0xbf1862b41f83a132af67813361b8cec895d34444,生化危机：币安绝境,生化危机：币安绝境,2026-04-01 12:01:10,0-50k,28373.209720471477,13921.08914744838,1.0,1.7045136937662302,0.7043323087262302,0.7043323087262302,5-30m,0-5m,2.4833333333333334,24.783333333333335,binance,company/project,待追踪,,,,待补证据,待判断,low,基于 token 名称/描述的初步分类，需用原始链接复核
85,0x832127ecd7b4949e508ed6d31e95576c0e4e4444,狗娃,DOGE kids,2026-03-16 03:23:06,0-50k,6995.308163781197,2221149.983592179,0.77,1.4866203612021125,0.7042320482821123,0.9145870756910548,0-5m,0-5m,0.16666666666666666,0.16666666666666666,pure_meme,meme,待追踪,,,,待补证据,待判断,low,基于 token 名称/描述的初步分类，需用原始链接复核
85,0xdbdab51c866d570bdd491388ec6c1c7895bc4444,Stocks,Binance Stocks,2026-05-31 06:23:19,0-50k,16326.80814872776,9015.282611518876,1.5,2.2009256662560155,0.7006947749760155,0.4671298499840103,6h-24h,1h-6h,140.08333333333334,1224.3166666666666,binance,company/project,待追踪,,,,待补证据,待判断,low,基于 token 名称/描述的初步分类，需用原始链接复核
85,0xcb20965ac329b0107d8f723f778bf0ca2c144444,BinanceAI,BinanceAI,2026-03-16 05:26:08,0-50k,18716.141323412947,10059.406417238311,0.8,1.496813845597266,0.6966547075972659,0.8708183844965823,30m-1h,0-5m,1.1,59.21666666666667,binance+ai_agent,company/project/category,待追踪,,,,待补证据,待判断,low,基于 token 名称/描述的初步分类，需用原始链接复核
85,0x6721898d98a3ac5bfe657bcb48525549943c4444,YURI,YURI,2026-02-15 07:10:18,0-50k,6883.146107171368,3206.3489288032843,0.5,1.1863099517711957,0.6860676831711957,1.3721353663423914,5-30m,0-5m,0.2,5.133333333333334,unknown,unknown,待追踪,,,,待补证据,待判断,low,需要用 token 名称、部署时间、早期传播账号继续检索
85,0x44acfd9fbb4ca0a6a5c3089e17fdf475556c4444,τ,华为新提出的新定律τ,2026-05-25 01:27:18,0-50k,8239.501741145099,3998.8753700797497,0.4,1.0850631896898912,0.6848904768098912,1.712226192024728,5-30m,5-30m,6.716666666666667,19.4,unmapped_chinese_meme,meme/community,待追踪,,,,待补证据,待判断,low,需要追踪中文社媒、群聊、Four.meme 创建描述
85,0x56c17ff3e8c216a6bb6d42d1e0aa8565d0524444,zBNB,zERC20,2026-02-23 04:10:29,0-50k,6430.193748658282,2921.6030853976813,1.1,1.7823077600328976,0.6819189099928975,0.6199262818117249,6h-24h,0-5m,2.65,571.7833333333333,binance,company/project,待追踪,,,,待补证据,待判断,low,基于 token 名称/描述的初步分类，需用原始链接复核
85,0x44443664201f5de5be8c245bc5a4e0bd1c15b64d,BONKRot,BONKRot,2026-03-14 01:44:10,0-50k,12207.874741279358,1795.3556596972276,0.404,1.0840315228261723,0.6797211974261723,1.6824782114509216,6h-24h,5-30m,5.55,743.9,unknown,unknown,待追踪,,,,待补证据,待判断,low,需要用 token 名称、部署时间、早期传播账号继续检索
85,0x7da00f26fc6199fc2dabc32b12cfa44a80c14444,Moltcn,国产版moltbook,2026-03-10 03:23:49,0-50k,5848.129657568105,2341.299826334463,0.6,1.2834761796279122,0.6775942698679122,1.129323783113187,0-5m,0-5m,0.06666666666666667,2.283333333333333,unmapped_chinese_meme,meme/community,待追踪,,,,待补证据,待判断,low,需要追踪中文社媒、群聊、Four.meme 创建描述
85,0x5a9387146a396bad736a482cb996998eb1204444,G.O.A.T.,仔细看后面多一个点,2026-03-03 03:21:47,0-50k,7305.265389633574,2157655.38936059,0.6,1.2781825536127744,0.6684003852127745,1.114000642021291,6h-24h,0-5m,0.1,849.8166666666667,unmapped_chinese_meme,meme/community,待追踪,,,,待补证据,待判断,low,需要追踪中文社媒、群聊、Four.meme 创建描述
85,0x30d1b2919cf2178d1a5d8c370a104e31e8ca4444,1,如果一个迷因币有一百万粉丝,2026-03-22 14:48:35,0-50k,8385.73524334155,4202.397006930114,0.4,1.0509310356929134,0.6507067595329133,1.6267668988322832,0-5m,0-5m,0.13333333333333333,3.933333333333333,unmapped_chinese_meme,meme/community,待追踪,,,,待补证据,待判断,low,需要追踪中文社媒、群聊、Four.meme 创建描述
85,0x7d336a0465c75974c85b494463156364f0c14444,SPAX,SpaceX,2026-04-10 11:57:08,0-50k,6562.691225253929,3051.628172833385,0.6,1.2471230268004505,0.6464951906193851,1.077491984365642,1d-3d,1h-6h,99.53333333333333,1484.95,unknown,unknown,待追踪,,,,待补证据,待判断,low,需要用 token 名称、部署时间、早期传播账号继续检索
85,0x46c7b4b9b5bc0ea54035a96edeaa626f828f4444,GORK,Gork,2026-02-25 15:04:20,0-50k,13065.881906915653,4316195.8600173285,0.3,0.9172466510156546,0.6170431161356547,2.056810387118849,6h-24h,5-30m,5.433333333333334,1163.85,unknown,unknown,待追踪,,,,待补证据,待判断,low,需要用 token 名称、部署时间、早期传播账号继续检索
85,0x732c87cbdc5ff927057cc9bef8cda9d7f29c4444,FIGHTLESS,Fightless,2026-03-11 13:28:57,0-50k,17196.761436935234,9408.494026585891,0.6,1.2193200337684835,0.6134346118084836,1.022391019680806,0-5m,0-5m,0.1,1.1333333333333333,unknown,unknown,待追踪,,,,待补证据,待判断,low,需要用 token 名称、部署时间、早期传播账号继续检索
85,0xa06ae9e2ebb465ba861d6c03be99957e3cb74444,secret,the secret to life,2026-03-26 02:09:18,0-50k,9444.206997810254,4913.0088925784985,0.4,1.0108648572294694,0.6106750846694694,1.5266877116736737,1d-3d,6h-24h,451.05,1941.2666666666667,unknown,unknown,待追踪,,,,待补证据,待判断,low,需要用 token 名称、部署时间、早期传播账号继续检索
75,0xad144bf8edcf3712a86d3939d2dbeb531ebd4444,元气AI,元气AI,2026-01-30 11:04:22,0-50k,26513.316652562895,13762.634584696696,2.95,1.632172941245693,-1.3180544732743074,-0.4467981265336634,7d+,5-30m,6.333333333333333,56151.916666666664,ai_agent,category,待追踪,,,,待补证据,待判断,low,基于 token 名称/描述的初步分类，需用原始链接复核
75,0xd2e416782917ea7aff6e995489bd0dd5b2047f67,币安人生,币安人生,2026-04-16 14:26:00,0-50k,13190.51328272654,,1.4,0.0,-1.4000672805199998,-1.0000480575142856,5-30m,no-sell,,26.366666666666667,binance,company/project,待追踪,,,,待补证据,待判断,low,基于 token 名称/描述的初步分类，需用原始链接复核
75,0xe83606959340915fbf88633c69d206fbf40fffff,AI小镇,AI小镇,2026-03-17 11:52:52,0-50k,12323.163766641674,,1.402,0.0,-1.4021363423200002,-1.0000972484450783,3d-7d,no-sell,,9671.8,ai_agent,category,待追踪,,,,待补证据,待判断,low,基于 token 名称/描述的初步分类，需用原始链接复核
75,0x5c3ca7f236a95f753da836d9dd9860fb2f21ffff,金钱自由基金会,捐给币安慈善,2026-04-03 03:58:08,0-50k,34608.052296748334,,1.6,0.0,-1.60008623824,-1.0000538989,1h-6h,no-sell,,138.91666666666666,binance,company/project,待追踪,,,,待补证据,待判断,low,基于 token 名称/描述的初步分类，需用原始链接复核
75,0x44448c8b1c21a438e149abbe838c790ba21819ca,币安聊天室,币安聊天室,2026-04-15 12:35:32,0-50k,14953.191044419767,4830.651790887771,2.7,0.8701357390798152,-1.8302951007601849,-0.677887074355624,7d+,5-30m,25.116666666666667,28793.483333333334,binance,company/project,待追踪,,,,待补证据,待判断,low,基于 token 名称/描述的初步分类，需用原始链接复核
70,0xd45ff38d132114968091f154cdcc0dfea06b4444,Exchange the world,Exchange the world,2026-01-28 11:45:11,200k-1m,549234.8630634912,,14.3,18.327980319875408,4.027434746055407,0.281638793430448,7d+,1h-6h,110.36666666666666,140854.76666666666,unknown,unknown,待追踪,,,,待补证据,待判断,low,需要用 token 名称、部署时间、早期传播账号继续检索
70,0x44448367f79bdf56b812a9d5e0eed19e9fea9b7a,小安助手,小安助手,2026-01-31 11:07:10,100k-200k,113794.32409076148,,4.409,7.481830304203512,3.0723910184035117,0.6968453205723547,7d+,7d+,62020.416666666664,112673.91666666667,unmapped_chinese_meme,meme/community,待追踪,,,,待补证据,待判断,low,需要追踪中文社媒、群聊、Four.meme 创建描述
70,0x4cbc8da8b95c305d9fbdc7cc198b6f67c7704444,我去不早说,我去不早说,2026-03-10 12:30:04,0-50k,15919.338937433162,8690.346765956518,2.0,2.9360023085654907,0.9298812061254907,0.4649406030627454,7d+,0-5m,0.05,83737.91666666667,unmapped_chinese_meme,meme/community,待追踪,,,,待补证据,待判断,low,需要追踪中文社媒、群聊、Four.meme 创建描述
60,0xabffd43c28bdaed633fcd7ad0982cd0bd6fb4444,歪比巴卜,歪比巴卜,2026-03-07 05:15:02,0-50k,8155.628747702871,3995.6466775833615,1.471,0.3905842112492094,-1.086322091030791,-0.7384922440725975,7d+,7d+,35987.53333333333,83796.6,unmapped_chinese_meme,meme/community,待追踪,,,,待补证据,待判断,low,需要追踪中文社媒、群聊、Four.meme 创建描述
60,0x4444b0822eb005746f7a1b68d7660b02addf8284,SPCX,SpaceX,2026-04-22 10:40:51,0-50k,14682.752406930304,4907.262002674173,1.2,0.0,-1.2000396102,-1.0000330085,0-5m,no-sell,,0.0,unknown,unknown,待追踪,,,,待补证据,待判断,low,需要用 token 名称、部署时间、早期传播账号继续检索
60,0x4a7c9940fbe33749254a8e2db775363690ed4444,GC,Grok Computer,2026-03-23 03:37:54,0-50k,34521.33870249497,,1.2,0.0,-1.20004000584,-1.0000333382000002,3d-7d,no-sell,,4622.233333333334,unknown,unknown,待追踪,,,,待补证据,待判断,low,需要用 token 名称、部署时间、早期传播账号继续检索
60,0x63f9341c9d53b98f925790fd433350270dd14444,龙头,当之无愧的龙头,2026-03-30 13:57:14,0-50k,30966.934453460737,14856.240646132528,2.0,0.7882044480938719,-1.211947111306128,-0.605973555653064,1d-3d,0-5m,3.2,3904.9,unmapped_chinese_meme,meme/community,待追踪,,,,待补证据,待判断,low,需要追踪中文社媒、群聊、Four.meme 创建描述
60,0x4444d0579a0eafa455610693c6da8301a3eb4396,爱坤,ikun,2026-05-02 12:25:03,0-50k,38879.24781071198,7192.502662761602,1.97,0.7400739384978603,-1.2300256430221397,-0.62437849899601,7d+,7d+,21882.333333333332,42829.45,unmapped_chinese_meme,meme/community,待追踪,,,,待补证据,待判断,low,需要追踪中文社媒、群聊、Four.meme 创建描述
60,0xb26de2b8f9b559b896c89e49a3f8649a0d2e4444,背手负狗,丫够燥的负狗,2026-05-26 07:55:06,0-50k,10486.26014369984,5469.599335218645,4.1,0.0,-4.1001379508,-1.000033646536585,30m-1h,no-sell,,39.583333333333336,unmapped_chinese_meme,meme/community,待追踪,,,,待补证据,待判断,low,需要追踪中文社媒、群聊、Four.meme 创建描述
60,0xf257dffcee335dc6b555ac5be2c45975df207777,币间盗,税收给真作者,2026-02-09 07:48:51,0-50k,21423.74040957516,,5.9,0.4065953928241023,-5.493624178735898,-0.9311227421586268,7d+,0-5m,2.7,90399.08333333333,unmapped_chinese_meme,meme/community,待追踪,,,,待补证据,待判断,low,需要追踪中文社媒、群聊、Four.meme 创建描述
55,0x6657adbcaa70f579a46a13dbab7961695e434444,币安恋,介绍成功给BNB,2026-05-26 03:26:41,0-50k,6716.855131934752,2867.9864151017423,2.6,1.8106445803471256,-0.7897288331328747,-0.3037418588972594,1h-6h,0-5m,1.5,256.93333333333334,binance,company/project,待追踪,,,,待补证据,待判断,low,基于 token 名称/描述的初步分类，需用原始链接复核
55,0x7edc00740cbc8a389a4683d448cd2dea8ed24444,AI小何,AI小何,2026-05-06 07:37:31,0-50k,35576.495694681784,,0.8,0.0,-0.8000210858000001,-1.00002635725,0-5m,no-sell,,0.0,ai_agent,category,待追踪,,,,待补证据,待判断,low,基于 token 名称/描述的初步分类，需用原始链接复核
55,0x5cf3404e89d7c55f7073878a847289a5cea9ffff,FDOGE,首个FORM底池分红代币,2026-04-14 07:05:41,0-50k,22552.58570493486,24728370.52174605,0.8,0.0,-0.8001274755200001,-1.0001593444,6h-24h,no-sell,,362.51666666666665,pure_meme,meme,待追踪,,,,待补证据,待判断,low,基于 token 名称/描述的初步分类，需用原始链接复核
55,0x97dcd3597060e4526b1aec6fb3e261e21e807777,CA Store,首个Flap CA Store,2026-03-10 05:05:02,0-50k,39931.27592044022,,0.9000000000000001,0.0,-0.9000685945200001,-1.0000762161333332,5-30m,no-sell,,19.233333333333334,official_product,company/project,待追踪,,,,待补证据,待判断,low,基于 token 名称/描述的初步分类，需用原始链接复核
55,0x987e6269c6b7ea6898221882f11ea16f87b97777,HODLAI,"HODL AI, Use AI Free",2026-01-27 02:32:22,100k-200k,194863.09294962615,,1.0,0.0,-1.0000452046,-1.0000452046,7d+,no-sell,,45193.166666666664,ai_agent,category,待追踪,,,,待补证据,待判断,low,基于 token 名称/描述的初步分类，需用原始链接复核
55,0x4444790b84a9b48156cd64782fcab195b836002b,BiBi,Binance BiBi,2026-04-19 16:28:11,50k-100k,72950.6520226827,34681.42227438313,1.04,0.0,-1.0401395522,-1.0001341848076923,5-30m,no-sell,,18.633333333333333,binance,company/project,待追踪,,,,待补证据,待判断,low,基于 token 名称/描述的初步分类，需用原始链接复核
55,0xc7f7d23b54e18b46f9957d4630896fb07b3a4444,币安人声,币安人生有声书,2026-04-13 10:16:34,50k-100k,52681.96204763015,,2.0,0.9084255942400706,-1.0916722260399292,-0.5458361130199646,7d+,7d+,38766.13333333333,38766.13333333333,binance,company/project,待追踪,,,,待补证据,待判断,low,基于 token 名称/描述的初步分类，需用原始链接复核
55,0x7400bf6c09728d066e02749379bef1cb46d94444,币安人,我为自己永远是币安人而感到自豪,2026-05-28 09:59:32,100k-200k,138595.5914550865,,1.2,0.0,-1.2000210858,-1.0000175715,0-5m,no-sell,,0.0,binance,company/project,待追踪,,,,待补证据,待判断,low,基于 token 名称/描述的初步分类，需用原始链接复核
55,0xae71fd8bacc2f17c43a01c3f4aff6deebc194444,agentic money,agentic money,2026-05-03 15:28:01,100k-200k,147158.91417922394,,1.2,0.0,-1.2000210858,-1.0000175715,0-5m,no-sell,,0.0,ai_agent,category,待追踪,,,,待补证据,待判断,low,基于 token 名称/描述的初步分类，需用原始链接复核
55,0x3e9fc4f2acf5d6f7815cb9f38b2c69576088ffff,ForgAI,ForgAI,2026-03-05 07:30:42,200k-1m,326354.39699639607,,1.2,0.0,-1.20760412,-1.0063367666666667,0-5m,no-sell,,0.5333333333333333,ai_agent,category,待追踪,,,,待补证据,待判断,low,基于 token 名称/描述的初步分类，需用原始链接复核
55,0x61ef6983e3398968567efd51f7e480d323834444,币安 Ai Pro,币安 Ai Pro,2026-03-24 10:32:33,50k-100k,65730.87671232453,,3.1999999999999997,1.543341415782924,-1.656844112617076,-0.5177637851928363,3d-7d,0-5m,0.31666666666666665,7565.416666666667,binance+ai_agent,company/project/category,待追踪,,,,待补证据,待判断,low,基于 token 名称/描述的初步分类，需用原始链接复核
55,0xa3aef123864b1284105aab5bd8249639bf6c4444,DOGSHIT,dogshit memecoin,2026-02-10 09:19:18,50k-100k,78138.5830668639,,5.0,2.80874359418426,-2.19668870993574,-0.439337741987148,7d+,0-5m,0.7666666666666667,100785.5,pure_meme,meme,待追踪,,,,待补证据,待判断,low,基于 token 名称/描述的初步分类，需用原始链接复核
40,0xf3eb5cedc613899bd793687fb006ffdfb6224444,沙哥,上海第二工业大学沙哥,2026-05-22 03:47:11,0-50k,14529.66605510402,,0.77,0.0,-0.77002108244,-1.0000273797922077,0-5m,no-sell,,0.0,unmapped_chinese_meme,meme/community,待追踪,,,,待补证据,待判断,low,需要追踪中文社媒、群聊、Four.meme 创建描述
40,0x1396e40695e626c81549a4a409fb1ec46b794444,向上的力量,山顶的风只有登顶才能吹到,2026-04-19 05:50:18,0-50k,37411.438790398875,17106.269365658845,1.6,0.8272026582242819,-0.7729407429757182,-0.4830879643598239,6h-24h,0-5m,3.966666666666667,497.76666666666665,unmapped_chinese_meme,meme/community,待追踪,,,,待补证据,待判断,low,需要追踪中文社媒、群聊、Four.meme 创建描述
40,0x396f3e64035f01755905af2b8077174f31a8cd1f,LUNA,LUNA,2026-03-18 06:22:26,0-50k,11868.996399232132,,0.8,0.0,-0.80004623192,-1.0000577899,6h-24h,no-sell,,1302.5166666666667,unknown,unknown,待追踪,,,,待补证据,待判断,low,需要用 token 名称、部署时间、早期传播账号继续检索
40,0x970c5f694c3f43b7c6e9f730e8c82da51c357777,bv4,Butterfly Native,2026-05-10 07:11:31,0-50k,13541.049065171102,,1.6,0.7538414180138099,-0.8463463851061902,-0.5289664906913688,1h-6h,5-30m,11.333333333333334,175.2,unknown,unknown,待追踪,,,,待补证据,待判断,low,需要用 token 名称、部署时间、早期传播账号继续检索
40,0x678610f52e9dcb2d10f3c6a6a6ce344929aa4444,U,只有你自己才能改變你的人生,2026-02-13 05:12:20,0-50k,26238.153808828367,,1.6,0.6355383229498559,-0.9646993882901442,-0.6029371176813401,7d+,1d-3d,3417.65,59328.48333333333,unmapped_chinese_meme,meme/community,待追踪,,,,待补证据,待判断,low,需要追踪中文社媒、群聊、Four.meme 创建描述
40,0x9debbe35b9c5d20d505f68049a87322fbcbe7777,福马,福马,2026-04-18 05:13:02,0-50k,32913.52311471682,,0.99,0.0,-0.99198317,-1.002003202020202,0-5m,no-sell,,0.0,unmapped_chinese_meme,meme/community,待追踪,,,,待补证据,待判断,low,需要追踪中文社媒、群聊、Four.meme 创建描述
40,0x782dc29289a1754a7b9bfc809e8b136e5b854444,大表哥,大表哥,2026-05-28 10:42:55,50k-100k,50398.98732208414,,1.0,0.0,-1.00004012248,-1.00004012248,0-5m,no-sell,,0.6333333333333333,unmapped_chinese_meme,meme/community,待追踪,,,,待补证据,待判断,low,需要追踪中文社媒、群聊、Four.meme 创建描述
40,0x8fd3437a13b298dd2e98db902c56970a9d3c4985,ASTEROID,ASTEROID,2026-04-26 16:04:42,50k-100k,72320.13341998032,,1.0,0.0,-1.000175859,-1.000175859,0-5m,no-sell,,0.0,unknown,unknown,待追踪,,,,待补证据,待判断,low,需要用 token 名称、部署时间、早期传播账号继续检索
40,0x2e591b13d3caf27adf1db47d75278315d0754444,潜龙勿用,潜龙勿用,2026-03-15 09:21:33,200k-1m,363075.2787961836,,1.2,0.0,-1.20002102892,-1.0000175241,0-5m,no-sell,,0.0,unmapped_chinese_meme,meme/community,待追踪,,,,待补证据,待判断,low,需要追踪中文社媒、群聊、Four.meme 创建描述
40,0x47ad200c9b052284e9a585d71f5f938bae154444,Crypto Summer,Crypto Summer,2026-04-14 06:44:17,100k-200k,151382.04558212505,,2.4,1.1964487999807651,-1.2036115358992348,-0.5015048066246812,3d-7d,1h-6h,187.18333333333334,5560.266666666666,unknown,unknown,待追踪,,,,待补证据,待判断,low,需要用 token 名称、部署时间、早期传播账号继续检索
40,0xf9fa6fc80b0f4d505013182d4ca2b06bef9e4444,Atlаs Ѕcоut,Аtlаs Ѕcоut,2026-03-25 04:18:42,100k-200k,127912.3492390979,,2.0,0.3669601679011705,-1.6331382305388296,-0.8165691152694148,7d+,1h-6h,312.98333333333335,20344.5,unknown,unknown,待追踪,,,,待补证据,待判断,low,需要用 token 名称、部署时间、早期传播账号继续检索
40,0xcc7abc4a67837d1c392f9c4f75cd21a3e74d4444,MPW,Most Powerful Women,2026-05-27 10:02:39,50k-100k,65251.26549212571,,2.8899999999999997,0.9593529968659772,-1.9325486408940225,-0.6687019518664439,1h-6h,5-30m,12.333333333333334,134.13333333333333,unknown,unknown,待追踪,,,,待补证据,待判断,low,需要用 token 名称、部署时间、早期传播账号继续检索
40,0x55d398326f99059ff775485246999027b3197955,USDT,Tether USD,2026-02-09 15:37:15,5m+,9421521961.28443,,2.0,0.0,-2.00001871916,-1.00000935958,0-5m,no-sell,,0.0,unknown,unknown,待追踪,,,,待补证据,待判断,low,需要用 token 名称、部署时间、早期传播账号继续检索
40,0x9c17ba5f1c4a08692bdfa10fab258d9fa1df4444,罗永浩,时隔七年罗永浩回归推特,2026-05-15 12:39:15,200k-1m,974393.5568893816,,9.0,4.918964945425865,-4.08229296962395,-0.4535881077359944,5-30m,5-30m,17.966666666666665,19.833333333333332,unmapped_chinese_meme,meme/community,待追踪,,,,待补证据,待判断,low,需要追踪中文社媒、群聊、Four.meme 创建描述
40,0xd98abf5385231aa53aac9fd62ba2e8b660334444,Freedom of Money,Freedom of Money,2026-04-03 03:48:52,100k-200k,138863.06521112137,,5.4,1.311825006827529,-4.088250965172471,-0.7570835120689761,1h-6h,0-5m,1.25,70.56666666666666,unknown,unknown,待追踪,,,,待补证据,待判断,low,需要用 token 名称、部署时间、早期传播账号继续检索
40,0x8ac76a51cc950d9822d68b83fe1ad97b32cd580d,USDC,USD Coin,2026-02-11 09:49:28,5m+,1320876384.3489077,,6.747,0.0,-6.7470932268,-1.0000138175188973,1d-3d,no-sell,,1827.6666666666667,unknown,unknown,待追踪,,,,待补证据,待判断,low,需要用 token 名称、部署时间、早期传播账号继续检索
40,0x5b73a93b4e5e4f1fd27d8b3f8c97d69908b5e284,FORM,FORM Token,2026-04-14 07:04:19,5m+,81245248.56255533,,10.0,0.0323598779525655,-9.967738484367434,-0.9967738484367434,7d+,7d+,27880.666666666668,27880.666666666668,unknown,unknown,待追踪,,,,待补证据,待判断,low,需要用 token 名称、部署时间、早期传播账号继续检索
20,0x712fb754e1c331ad8972009d7a1f1c2de0d94444,Kimiclaw,微博龙虾,2026-03-10 10:18:31,50k-100k,78604.40067899594,,1.0,0.2309752488046409,-0.769083092675359,-0.769083092675359,7d+,7d+,31568.9,31568.9,unmapped_chinese_meme,meme/community,待追踪,,,,待补证据,待判断,low,需要追踪中文社媒、群聊、Four.meme 创建描述
20,0xf850da43028ac894cb26b131500d98c40b8c4444,MEME SZN,MEME SZN,2026-05-05 08:34:35,100k-200k,103888.91132975293,,0.77,0.0,-0.77002108388,-1.0000273816623375,0-5m,no-sell,,0.0,unknown,unknown,待追踪,,,,待补证据,待判断,low,需要用 token 名称、部署时间、早期传播账号继续检索
20,0xf339968b81663d6a7558562fce81f0fca3cb4444,帕鲁,帕鲁,2026-04-18 04:40:33,100k-200k,194035.5383946869,,4.4,3.6289681933625704,-0.77115307911743,-0.1752620634357795,6h-24h,30m-1h,34.05,1380.45,unmapped_chinese_meme,meme/community,待追踪,,,,待补证据,待判断,low,需要追踪中文社媒、群聊、Four.meme 创建描述
20,0x03a0a8700fa3809c6c2d637babd841296da57777,FOMA,Freedom of Money Art,2026-05-19 16:41:07,50k-100k,53826.97744775905,,0.8,0.0,-0.8000602256,-1.0000752819999998,3d-7d,no-sell,,5127.8,unknown,unknown,待追踪,,,,待补证据,待判断,low,需要用 token 名称、部署时间、早期传播账号继续检索
20,0x42071b6e783bd49239c0a65229113da3c6b64444,告密者,告密者,2026-04-08 05:52:04,100k-200k,124785.70933284378,,1.2,0.3404361732444606,-0.8596437448355393,-0.7163697873629494,1d-3d,30m-1h,46.31666666666667,2156.8333333333335,unmapped_chinese_meme,meme/community,待追踪,,,,待补证据,待判断,low,需要追踪中文社媒、群聊、Four.meme 创建描述
20,0x434adc0fbec0e7eff3b656d6399ba7a0c4564444,Hacker,capital killer,2026-01-26 12:33:12,50k-100k,70758.33751709892,,1.0,0.1339992844226651,-0.8660412089773349,-0.8660412089773349,7d+,7d+,47006.666666666664,47006.666666666664,unknown,unknown,待追踪,,,,待补证据,待判断,low,需要用 token 名称、部署时间、早期传播账号继续检索
20,0x574c192ed489562a4461366d145f9a853aa54444,大黄,我是大黄啊,2026-05-04 09:59:02,50k-100k,61221.74803240669,,0.87,0.0,-0.8700388644,-1.000044671724138,3d-7d,no-sell,,5757.233333333334,unmapped_chinese_meme,meme/community,待追踪,,,,待补证据,待判断,low,需要追踪中文社媒、群聊、Four.meme 创建描述
20,0x19c777239f3175066a8293008e5e164d0fd24444,fdog,fdog,2026-04-14 07:05:33,100k-200k,186292.02529126516,,2.6,1.680412624164676,-0.920079353515324,-0.3538766744289708,6h-24h,0-5m,0.45,362.85,unknown,unknown,待追踪,,,,待补证据,待判断,low,需要用 token 名称、部署时间、早期传播账号继续检索
20,0x638de589e66b7b7c59983937a903b1d086254444,中文时代,中文时代,2026-04-21 05:38:55,50k-100k,53286.18316998054,,2.7,1.7248850361824206,-0.9756042648975796,-0.3613349129250294,7d+,1h-6h,359.8833333333333,58105.433333333334,unmapped_chinese_meme,meme/community,待追踪,,,,待补证据,待判断,low,需要追踪中文社媒、群聊、Four.meme 创建描述
